student_id,course_name,week,homework_grade,quiz_grade,midterm_grade,homework_avg,quiz_avg,current_grade,failing_probability
STU0001,CS182,1,91.3,90.2,,91.3,90.2,31.8,
STU0001,CS182,2,100.0,79.6,,95.6,84.9,32.4,
STU0001,CS182,3,90.6,100.0,,94.0,89.9,32.5,
STU0001,CS182,4,98.6,76.8,,95.1,86.6,32.4,
STU0001,CS182,5,96.8,76.9,,95.5,84.7,32.3,
STU0001,CS182,6,88.7,85.4,,94.3,84.8,32.1,
STU0001,CS182,7,77.1,61.8,,91.9,81.5,31.1,
STU0001,CS182,8,88.0,70.3,82.2,91.4,80.1,55.5,
STU0001,CS182,9,85.2,65.5,,90.7,78.5,30.5,
STU0001,CS182,10,100.0,79.7,,91.6,78.6,30.8,
STU0001,CS182,11,,,,,,,
STU0001,CS182,12,,,,,,,
STU0001,CS182,13,,,,,,,
STU0001,CS182,14,,,,,,,
STU0001,CS182,15,,,,,,,
STU0001,MA261,1,93.0,65.4,,93.0,65.4,28.4,
STU0001,MA261,2,88.1,83.8,,90.6,74.6,29.3,
STU0001,MA261,3,83.2,87.0,,88.1,78.7,29.4,
STU0001,MA261,4,87.6,79.0,,88.0,78.8,29.4,
STU0001,MA261,5,87.6,100.0,,87.9,83.0,30.0,
STU0001,MA261,6,92.3,69.8,,88.6,80.8,29.8,
STU0001,MA261,7,99.0,67.8,80.6,90.1,79.0,58.1,
STU0001,MA261,8,76.8,66.5,,88.4,77.4,29.3,
STU0001,MA261,9,94.0,,,89.1,77.4,29.4,
STU0001,MA261,10,98.4,,,90.0,77.4,29.6,
STU0001,MA261,11,,,,,,,
STU0001,MA261,12,,,,,,,
STU0001,MA261,13,,,,,,,
STU0001,MA261,14,,,,,,,
STU0001,MA261,15,,,,,,,
STU0002,CS182,1,86.6,74.0,,86.6,74.0,29.0,
STU0002,CS182,2,75.7,68.9,,81.2,71.4,27.4,
STU0002,CS182,3,83.9,90.3,,82.1,77.7,28.3,
STU0002,CS182,4,90.3,56.4,,84.1,72.4,28.3,
STU0002,CS182,5,90.2,72.9,,85.3,72.5,28.6,
STU0002,CS182,6,82.2,84.9,,84.8,74.6,28.7,
STU0002,CS182,7,95.8,88.7,,86.4,76.6,29.3,
STU0002,CS182,8,80.9,73.9,77.5,85.7,76.2,52.3,
STU0002,CS182,9,95.4,71.8,,86.8,75.8,29.3,
STU0002,CS182,10,86.1,64.3,,86.7,74.6,29.1,
STU0002,CS182,11,,,,,,,
STU0002,CS182,12,,,,,,,
STU0002,CS182,13,,,,,,,
STU0002,CS182,14,,,,,,,
STU0002,CS182,15,,,,,,,
STU0002,MA261,1,78.0,87.3,,78.0,87.3,28.7,
STU0002,MA261,2,98.4,76.7,,88.2,82.0,29.9,
STU0002,MA261,3,95.6,81.9,,90.7,82.0,30.4,
STU0002,MA261,4,82.4,81.9,,88.6,82.0,30.0,
STU0002,MA261,5,99.9,77.1,,90.9,81.0,30.3,
STU0002,MA261,6,100.0,46.1,,92.4,75.2,29.8,
STU0002,MA261,7,94.1,78.6,68.1,92.6,75.7,53.7,
STU0002,MA261,8,88.3,53.7,,92.1,72.9,29.4,
STU0002,MA261,9,85.8,,,91.4,72.9,29.2,
STU0002,MA261,10,90.4,,,91.3,72.9,29.2,
STU0002,MA261,11,,,,,,,
STU0002,MA261,12,,,,,,,
STU0002,MA261,13,,,,,,,
STU0002,MA261,14,,,,,,,
STU0002,MA261,15,,,,,,,
STU0003,CS182,1,100.0,87.5,,100.0,87.5,33.8,
STU0003,CS182,2,100.0,100.0,,100.0,93.8,34.4,
STU0003,CS182,3,100.0,90.8,,100.0,92.8,34.3,
STU0003,CS182,4,100.0,98.3,,100.0,94.2,34.4,
STU0003,CS182,5,100.0,88.7,,100.0,93.1,34.3,
STU0003,CS182,6,100.0,92.5,,100.0,93.0,34.3,
STU0003,CS182,7,95.5,100.0,,99.4,94.0,34.2,
STU0003,CS182,8,100.0,97.2,88.6,99.4,94.4,60.9,
STU0003,CS182,9,95.8,92.1,,99.0,94.1,34.2,
STU0003,CS182,10,100.0,87.5,,99.1,93.5,34.1,
STU0003,CS182,11,,,,,,,
STU0003,CS182,12,,,,,,,
STU0003,CS182,13,,,,,,,
STU0003,CS182,14,,,,,,,
STU0003,CS182,15,,,,,,,
STU0003,MA261,1,100.0,100.0,,100.0,100.0,35.0,
STU0003,MA261,2,100.0,99.3,,100.0,99.6,34.9,
STU0003,MA261,3,100.0,96.3,,100.0,98.5,34.8,
STU0003,MA261,4,91.8,96.9,,98.0,98.1,34.3,
STU0003,MA261,5,100.0,100.0,,98.4,98.5,34.5,
STU0003,MA261,6,100.0,100.0,,98.6,98.8,34.5,
STU0003,MA261,7,100.0,83.1,100.0,98.8,96.5,69.2,
STU0003,MA261,8,100.0,100.0,,99.0,97.0,34.4,
STU0003,MA261,9,99.9,,,99.1,97.0,34.4,
STU0003,MA261,10,100.0,,,99.2,97.0,34.4,
STU0003,MA261,11,,,,,,,
STU0003,MA261,12,,,,,,,
STU0003,MA261,13,,,,,,,
STU0003,MA261,14,,,,,,,
STU0003,MA261,15,,,,,,,
STU0004,CS182,1,68.7,80.3,,68.7,80.3,25.2,
STU0004,CS182,2,56.0,47.2,,62.4,63.8,22.0,
STU0004,CS182,3,64.8,47.9,,63.2,58.5,21.7,
STU0004,CS182,4,51.6,54.8,,60.3,57.6,20.8,
STU0004,CS182,5,55.5,59.7,,59.3,58.0,20.6,
STU0004,CS182,6,56.6,72.6,,58.9,60.4,20.8,
STU0004,CS182,7,57.7,50.1,,58.7,58.9,20.6,
STU0004,CS182,8,70.5,39.2,52.4,60.2,56.5,36.4,
STU0004,CS182,9,74.4,34.7,,61.8,54.1,20.9,
STU0004,CS182,10,65.4,57.1,,62.1,54.4,21.0,
STU0004,CS182,11,,,,,,,
STU0004,CS182,12,,,,,,,
STU0004,CS182,13,,,,,,,
STU0004,CS182,14,,,,,,,
STU0004,CS182,15,,,,,,,
STU0004,MA261,1,70.2,39.1,,70.2,39.1,19.9,
STU0004,MA261,2,53.4,60.2,,61.8,49.7,19.8,
STU0004,MA261,3,66.3,57.0,,63.3,52.1,20.5,
STU0004,MA261,4,66.7,45.8,,64.1,50.5,20.4,
STU0004,MA261,5,65.8,57.5,,64.5,51.9,20.7,
STU0004,MA261,6,58.3,76.4,,63.4,56.0,21.1,
STU0004,MA261,7,67.8,39.7,58.8,64.1,53.7,41.5,
STU0004,MA261,8,56.2,63.4,,63.1,54.9,20.9,
STU0004,MA261,9,73.2,,,64.2,54.9,21.1,
STU0004,MA261,10,57.4,,,63.5,54.9,20.9,
STU0004,MA261,11,,,,,,,
STU0004,MA261,12,,,,,,,
STU0004,MA261,13,,,,,,,
STU0004,MA261,14,,,,,,,
STU0004,MA261,15,,,,,,,
STU0005,CS182,1,100.0,99.3,,100.0,99.3,34.9,
STU0005,CS182,2,100.0,86.5,,100.0,92.9,34.3,
STU0005,CS182,3,93.4,78.8,,97.8,88.2,33.3,
STU0005,CS182,4,92.9,88.5,,96.6,88.3,33.0,
STU0005,CS182,5,100.0,92.8,,97.3,89.2,33.2,
STU0005,CS182,6,100.0,89.6,,97.7,89.2,33.3,
STU0005,CS182,7,100.0,86.3,,98.0,88.8,33.4,
STU0005,CS182,8,100.0,97.0,71.6,98.3,89.8,55.0,
STU0005,CS182,9,90.9,95.2,,97.5,90.4,33.4,
STU0005,CS182,10,97.7,98.0,,97.5,91.2,33.5,
STU0005,CS182,11,,,,,,,
STU0005,CS182,12,,,,,,,
STU0005,CS182,13,,,,,,,
STU0005,CS182,14,,,,,,,
STU0005,CS182,15,,,,,,,
STU0005,MA261,1,100.0,88.6,,100.0,88.6,33.3,
STU0005,MA261,2,92.7,71.3,,96.4,79.9,31.3,
STU0005,MA261,3,95.9,99.7,,96.2,86.5,32.2,
STU0005,MA261,4,100.0,74.5,,97.2,83.5,32.0,
STU0005,MA261,5,100.0,94.1,,97.7,85.6,32.4,
STU0005,MA261,6,92.4,91.3,,96.8,86.6,32.3,
STU0005,MA261,7,99.9,75.7,89.8,97.3,85.0,63.6,
STU0005,MA261,8,100.0,100.0,,97.6,86.9,32.6,
STU0005,MA261,9,100.0,,,97.9,86.9,32.6,
STU0005,MA261,10,88.4,,,96.9,86.9,32.4,
STU0005,MA261,11,,,,,,,
STU0005,MA261,12,,,,,,,
STU0005,MA261,13,,,,,,,
STU0005,MA261,14,,,,,,,
STU0005,MA261,15,,,,,,,
STU0006,CS182,1,75.1,67.1,,75.1,67.1,25.5,
STU0006,CS182,2,75.1,100.0,,75.1,83.6,27.1,
STU0006,CS182,3,75.5,74.6,,75.2,80.6,26.9,
STU0006,CS182,4,78.6,68.7,,76.1,77.6,26.8,
STU0006,CS182,5,68.4,70.0,,74.5,76.1,26.2,
STU0006,CS182,6,64.8,58.1,,72.9,73.1,25.5,
STU0006,CS182,7,67.0,61.9,,72.1,71.5,25.2,
STU0006,CS182,8,89.4,38.5,66.2,74.2,67.4,45.2,
STU0006,CS182,9,58.0,55.3,,72.4,66.0,24.7,
STU0006,CS182,10,79.6,61.7,,73.2,65.6,24.9,
STU0006,CS182,11,,,,,,,
STU0006,CS182,12,,,,,,,
STU0006,CS182,13,,,,,,,
STU0006,CS182,14,,,,,,,
STU0006,CS182,15,,,,,,,
STU0006,MA261,1,62.3,52.3,,62.3,52.3,20.3,
STU0006,MA261,2,76.4,52.2,,69.4,52.2,21.7,
STU0006,MA261,3,72.7,61.5,,70.5,55.3,22.4,
STU0006,MA261,4,65.7,86.7,,69.3,63.2,23.3,
STU0006,MA261,5,76.0,36.6,,70.6,57.9,22.8,
STU0006,MA261,6,72.4,53.0,,70.9,57.0,22.7,
STU0006,MA261,7,77.8,51.4,54.2,71.9,56.2,41.8,
STU0006,MA261,8,75.0,71.3,,72.3,58.1,23.2,
STU0006,MA261,9,61.3,,,71.1,58.1,22.9,
STU0006,MA261,10,68.3,,,70.8,58.1,22.9,
STU0006,MA261,11,,,,,,,
STU0006,MA261,12,,,,,,,
STU0006,MA261,13,,,,,,,
STU0006,MA261,14,,,,,,,
STU0006,MA261,15,,,,,,,
STU0007,CS182,1,72.6,89.1,,72.6,89.1,27.1,
STU0007,CS182,2,81.1,52.7,,76.8,70.9,26.3,
STU0007,CS182,3,85.2,93.3,,79.6,78.4,27.7,
STU0007,CS182,4,86.1,49.6,,81.2,71.2,27.4,
STU0007,CS182,5,74.0,83.1,,79.8,73.6,27.3,
STU0007,CS182,6,72.2,73.2,,78.5,73.5,27.0,
STU0007,CS182,7,84.1,56.8,,79.3,71.1,26.9,
STU0007,CS182,8,77.4,29.0,47.5,79.1,65.9,40.6,
STU0007,CS182,9,75.9,52.9,,78.7,64.4,26.1,
STU0007,CS182,10,90.9,50.7,,80.0,63.0,26.3,
STU0007,CS182,11,,,,,,,
STU0007,CS182,12,,,,,,,
STU0007,CS182,13,,,,,,,
STU0007,CS182,14,,,,,,,
STU0007,CS182,15,,,,,,,
STU0007,MA261,1,74.4,69.4,,74.4,69.4,25.3,
STU0007,MA261,2,89.4,50.6,,81.9,60.0,25.4,
STU0007,MA261,3,87.2,68.0,,83.7,62.7,26.1,
STU0007,MA261,4,70.0,73.4,,80.2,65.4,25.8,
STU0007,MA261,5,79.5,60.7,,80.1,64.4,25.7,
STU0007,MA261,6,78.4,63.3,,79.8,64.2,25.6,
STU0007,MA261,7,78.8,75.8,86.7,79.7,65.9,56.2,
STU0007,MA261,8,68.0,93.5,,78.2,69.3,26.0,
STU0007,MA261,9,62.3,,,76.4,69.3,25.7,
STU0007,MA261,10,76.7,,,76.5,69.3,25.7,
STU0007,MA261,11,,,,,,,
STU0007,MA261,12,,,,,,,
STU0007,MA261,13,,,,,,,
STU0007,MA261,14,,,,,,,
STU0007,MA261,15,,,,,,,
STU0008,CS182,1,96.1,76.4,,96.1,76.4,31.7,
STU0008,CS182,2,92.2,77.9,,94.2,77.2,31.3,
STU0008,CS182,3,89.1,94.0,,92.5,82.8,31.4,
STU0008,CS182,4,96.7,75.5,,93.5,81.0,31.5,
STU0008,CS182,5,100.0,87.5,,94.8,82.3,31.9,
STU0008,CS182,6,100.0,91.4,,95.7,83.8,32.3,
STU0008,CS182,7,87.2,77.1,,94.5,82.8,31.9,
STU0008,CS182,8,99.8,91.1,78.5,95.1,83.9,55.7,
STU0008,CS182,9,94.8,99.2,,95.1,85.6,32.3,
STU0008,CS182,10,89.1,90.4,,94.5,86.1,32.2,
STU0008,CS182,11,,,,,,,
STU0008,CS182,12,,,,,,,
STU0008,CS182,13,,,,,,,
STU0008,CS182,14,,,,,,,
STU0008,CS182,15,,,,,,,
STU0008,MA261,1,92.2,81.2,,92.2,81.2,30.6,
STU0008,MA261,2,100.0,93.7,,96.1,87.4,32.3,
STU0008,MA261,3,100.0,99.5,,97.4,91.5,33.2,
STU0008,MA261,4,94.0,92.0,,96.6,91.6,33.1,
STU0008,MA261,5,91.3,87.7,,95.5,90.8,32.7,
STU0008,MA261,6,92.8,85.0,,95.0,89.8,32.5,
STU0008,MA261,7,98.6,74.0,100.0,95.6,87.6,67.3,
STU0008,MA261,8,85.8,69.3,,94.3,85.3,31.7,
STU0008,MA261,9,100.0,,,95.0,85.3,31.8,
STU0008,MA261,10,100.0,,,95.5,85.3,31.9,
STU0008,MA261,11,,,,,,,
STU0008,MA261,12,,,,,,,
STU0008,MA261,13,,,,,,,
STU0008,MA261,14,,,,,,,
STU0008,MA261,15,,,,,,,
STU0009,CS182,1,99.4,84.2,,99.4,84.2,33.3,
STU0009,CS182,2,87.2,85.3,,93.3,84.8,31.8,
STU0009,CS182,3,88.9,96.1,,91.8,88.5,31.8,
STU0009,CS182,4,93.2,74.5,,92.2,85.0,31.6,
STU0009,CS182,5,91.8,89.3,,92.1,85.9,31.6,
STU0009,CS182,6,89.9,74.5,,91.7,84.0,31.3,
STU0009,CS182,7,96.3,87.3,,92.4,84.5,31.6,
STU0009,CS182,8,90.3,78.7,82.8,92.1,83.7,56.2,
STU0009,CS182,9,82.8,67.5,,91.1,81.9,31.0,
STU0009,CS182,10,88.6,81.8,,90.8,81.9,30.9,
STU0009,CS182,11,,,,,,,
STU0009,CS182,12,,,,,,,
STU0009,CS182,13,,,,,,,
STU0009,CS182,14,,,,,,,
STU0009,CS182,15,,,,,,,
STU0009,MA261,1,96.8,100.0,,96.8,100.0,34.4,
STU0009,MA261,2,100.0,82.4,,98.4,91.2,33.4,
STU0009,MA261,3,94.2,72.3,,97.0,84.9,32.1,
STU0009,MA261,4,94.2,80.9,,96.3,83.9,31.8,
STU0009,MA261,5,96.9,74.4,,96.4,82.0,31.6,
STU0009,MA261,6,98.5,100.0,,96.8,85.0,32.1,
STU0009,MA261,7,93.5,89.2,89.7,96.3,85.6,63.5,
STU0009,MA261,8,91.2,87.1,,95.7,85.8,32.0,
STU0009,MA261,9,94.5,,,95.5,85.8,32.0,
STU0009,MA261,10,95.1,,,95.5,85.8,32.0,
STU0009,MA261,11,,,,,,,
STU0009,MA261,12,,,,,,,
STU0009,MA261,13,,,,,,,
STU0009,MA261,14,,,,,,,
STU0009,MA261,15,,,,,,,
STU0010,CS182,1,73.6,69.4,,73.6,69.4,25.3,
STU0010,CS182,2,85.0,74.9,,79.3,72.2,27.0,
STU0010,CS182,3,90.6,54.2,,83.1,66.2,27.4,
STU0010,CS182,4,80.4,65.6,,82.4,66.0,27.2,
STU0010,CS182,5,90.9,53.7,,84.1,63.6,27.4,
STU0010,CS182,6,66.7,56.2,,81.2,62.3,26.5,
STU0010,CS182,7,56.4,57.1,,77.7,61.6,25.6,
STU0010,CS182,8,67.3,65.2,63.5,76.4,62.0,44.4,
STU0010,CS182,9,88.4,74.8,,77.7,63.5,25.8,
STU0010,CS182,10,68.8,52.6,,76.8,62.4,25.4,
STU0010,CS182,11,,,,,,,
STU0010,CS182,12,,,,,,,
STU0010,CS182,13,,,,,,,
STU0010,CS182,14,,,,,,,
STU0010,CS182,15,,,,,,,
STU0010,MA261,1,77.3,47.6,,77.3,47.6,22.6,
STU0010,MA261,2,88.1,77.6,,82.7,62.6,25.9,
STU0010,MA261,3,69.7,42.8,,78.4,56.0,24.1,
STU0010,MA261,4,84.2,62.0,,79.8,57.5,24.6,
STU0010,MA261,5,83.3,44.3,,80.5,54.9,24.3,
STU0010,MA261,6,68.6,63.5,,78.5,56.3,24.1,
STU0010,MA261,7,73.8,58.0,67.7,77.9,56.5,47.8,
STU0010,MA261,8,64.9,61.7,,76.2,57.2,23.8,
STU0010,MA261,9,74.4,,,76.0,57.2,23.8,
STU0010,MA261,10,77.5,,,76.2,57.2,23.8,
STU0010,MA261,11,,,,,,,
STU0010,MA261,12,,,,,,,
STU0010,MA261,13,,,,,,,
STU0010,MA261,14,,,,,,,
STU0010,MA261,15,,,,,,,
STU0011,CS182,1,86.7,67.3,,86.7,67.3,28.4,
STU0011,CS182,2,100.0,89.7,,93.4,78.5,31.2,
STU0011,CS182,3,89.7,100.0,,92.1,85.7,31.6,
STU0011,CS182,4,96.6,99.8,,93.2,89.2,32.2,
STU0011,CS182,5,96.2,100.0,,93.8,91.4,32.6,
STU0011,CS182,6,100.0,82.7,,94.9,89.9,32.7,
STU0011,CS182,7,100.0,93.4,,95.6,90.4,32.9,
STU0011,CS182,8,100.0,74.1,91.0,96.2,88.4,60.2,
STU0011,CS182,9,100.0,64.6,,96.6,85.7,32.7,
STU0011,CS182,10,86.2,61.2,,95.5,83.3,32.2,
STU0011,CS182,11,,,,,,,
STU0011,CS182,12,,,,,,,
STU0011,CS182,13,,,,,,,
STU0011,CS182,14,,,,,,,
STU0011,CS182,15,,,,,,,
STU0011,MA261,1,93.5,94.3,,93.5,94.3,32.8,
STU0011,MA261,2,100.0,86.6,,96.8,90.4,32.9,
STU0011,MA261,3,100.0,69.1,,97.8,83.3,32.1,
STU0011,MA261,4,82.0,85.0,,93.9,83.8,31.4,
STU0011,MA261,5,98.7,85.3,,94.8,84.1,31.6,
STU0011,MA261,6,79.1,84.6,,92.2,84.1,31.1,
STU0011,MA261,7,85.2,93.7,86.2,91.2,85.5,61.2,
STU0011,MA261,8,88.2,79.5,,90.8,84.8,30.9,
STU0011,MA261,9,87.2,,,90.4,84.8,30.8,
STU0011,MA261,10,95.2,,,90.9,84.8,30.9,
STU0011,MA261,11,,,,,,,
STU0011,MA261,12,,,,,,,
STU0011,MA261,13,,,,,,,
STU0011,MA261,14,,,,,,,
STU0011,MA261,15,,,,,,,
STU0012,CS182,1,91.4,95.4,,91.4,95.4,32.4,
STU0012,CS182,2,95.1,79.8,,93.2,87.6,32.1,
STU0012,CS182,3,98.5,76.9,,95.0,84.0,32.2,
STU0012,CS182,4,94.9,75.0,,95.0,81.8,31.9,
STU0012,CS182,5,100.0,89.8,,96.0,83.4,32.3,
STU0012,CS182,6,93.7,91.9,,95.6,84.8,32.4,
STU0012,CS182,7,98.4,86.7,,96.0,85.1,32.5,
STU0012,CS182,8,100.0,98.4,76.4,96.5,86.7,55.7,
STU0012,CS182,9,94.7,86.0,,96.3,86.7,32.7,
STU0012,CS182,10,80.9,71.1,,94.8,85.1,32.2,
STU0012,CS182,11,,,,,,,
STU0012,CS182,12,,,,,,,
STU0012,CS182,13,,,,,,,
STU0012,CS182,14,,,,,,,
STU0012,CS182,15,,,,,,,
STU0012,MA261,1,100.0,100.0,,100.0,100.0,35.0,
STU0012,MA261,2,97.3,96.2,,98.6,98.1,34.4,
STU0012,MA261,3,100.0,100.0,,99.1,98.7,34.6,
STU0012,MA261,4,100.0,87.8,,99.3,96.0,34.3,
STU0012,MA261,5,91.7,70.0,,97.8,90.8,33.2,
STU0012,MA261,6,100.0,80.3,,98.2,89.0,33.0,
STU0012,MA261,7,87.9,81.6,68.1,96.7,88.0,56.4,
STU0012,MA261,8,100.0,99.9,,97.1,89.5,32.8,
STU0012,MA261,9,99.3,,,97.4,89.5,32.9,
STU0012,MA261,10,100.0,,,97.6,89.5,32.9,
STU0012,MA261,11,,,,,,,
STU0012,MA261,12,,,,,,,
STU0012,MA261,13,,,,,,,
STU0012,MA261,14,,,,,,,
STU0012,MA261,15,,,,,,,
STU0013,CS182,1,79.3,94.4,,79.3,94.4,29.3,
STU0013,CS182,2,90.5,63.7,,84.9,79.1,29.1,
STU0013,CS182,3,84.6,65.7,,84.8,74.6,28.7,
STU0013,CS182,4,75.1,87.3,,82.4,77.8,28.4,
STU0013,CS182,5,100.0,59.4,,85.9,74.1,28.9,
STU0013,CS182,6,90.7,68.4,,86.7,73.1,29.0,
STU0013,CS182,7,82.3,69.1,,86.1,72.6,28.8,
STU0013,CS182,8,79.2,76.7,58.7,85.2,73.1,46.2,
STU0013,CS182,9,88.3,75.6,,85.6,73.4,28.7,
STU0013,CS182,10,84.2,65.3,,85.4,72.6,28.6,
STU0013,CS182,11,,,,,,,
STU0013,CS182,12,,,,,,,
STU0013,CS182,13,,,,,,,
STU0013,CS182,14,,,,,,,
STU0013,CS182,15,,,,,,,
STU0013,MA261,1,81.5,85.2,,81.5,85.2,29.1,
STU0013,MA261,2,90.2,64.4,,85.8,74.8,28.4,
STU0013,MA261,3,87.0,85.2,,86.2,78.3,29.0,
STU0013,MA261,4,72.8,82.7,,82.9,79.4,28.5,
STU0013,MA261,5,80.9,83.0,,82.5,80.1,28.5,
STU0013,MA261,6,80.1,54.5,,82.1,75.8,27.8,
STU0013,MA261,7,73.1,76.7,75.1,80.8,76.0,53.8,
STU0013,MA261,8,78.9,83.8,,80.6,76.9,27.7,
STU0013,MA261,9,72.9,,,79.7,76.9,27.5,
STU0013,MA261,10,85.6,,,80.3,76.9,27.6,
STU0013,MA261,11,,,,,,,
STU0013,MA261,12,,,,,,,
STU0013,MA261,13,,,,,,,
STU0013,MA261,14,,,,,,,
STU0013,MA261,15,,,,,,,
STU0014,CS182,1,61.6,57.4,,61.6,57.4,21.1,
STU0014,CS182,2,60.0,52.2,,60.8,54.8,20.7,
STU0014,CS182,3,74.9,49.9,,65.5,53.2,21.7,
STU0014,CS182,4,73.5,43.3,,67.5,50.7,21.9,
STU0014,CS182,5,71.1,74.1,,68.2,55.4,22.6,
STU0014,CS182,6,47.1,47.3,,64.7,54.0,21.6,
STU0014,CS182,7,71.5,54.4,,65.7,54.1,21.8,
STU0014,CS182,8,69.8,49.6,53.1,66.2,53.5,37.8,
STU0014,CS182,9,65.6,70.8,,66.1,55.4,22.1,
STU0014,CS182,10,68.9,60.9,,66.4,56.0,22.2,
STU0014,CS182,11,,,,,,,
STU0014,CS182,12,,,,,,,
STU0014,CS182,13,,,,,,,
STU0014,CS182,14,,,,,,,
STU0014,CS182,15,,,,,,,
STU0014,MA261,1,63.5,51.0,,63.5,51.0,20.4,
STU0014,MA261,2,63.4,61.6,,63.4,56.3,21.1,
STU0014,MA261,3,63.5,60.3,,63.5,57.6,21.3,
STU0014,MA261,4,83.4,67.3,,68.4,60.0,22.7,
STU0014,MA261,5,64.2,71.2,,67.6,62.3,22.9,
STU0014,MA261,6,63.6,32.4,,66.9,57.3,22.0,
STU0014,MA261,7,58.8,34.4,46.6,65.8,54.0,37.6,
STU0014,MA261,8,67.0,77.0,,65.9,56.9,21.7,
STU0014,MA261,9,69.5,,,66.3,56.9,21.8,
STU0014,MA261,10,65.1,,,66.2,56.9,21.8,
STU0014,MA261,11,,,,,,,
STU0014,MA261,12,,,,,,,
STU0014,MA261,13,,,,,,,
STU0014,MA261,14,,,,,,,
STU0014,MA261,15,,,,,,,
STU0015,CS182,1,79.8,90.3,,79.8,90.3,29.0,
STU0015,CS182,2,100.0,69.7,,89.9,80.0,30.5,
STU0015,CS182,3,100.0,91.5,,93.3,83.8,31.7,
STU0015,CS182,4,94.1,95.0,,93.5,86.6,32.0,
STU0015,CS182,5,100.0,89.6,,94.8,87.2,32.4,
STU0015,CS182,6,99.4,81.9,,95.6,86.3,32.5,
STU0015,CS182,7,90.6,97.4,,94.8,87.9,32.5,
STU0015,CS182,8,90.6,88.3,75.3,94.3,88.0,55.0,
STU0015,CS182,9,100.0,91.4,,94.9,88.3,32.6,
STU0015,CS182,10,100.0,81.3,,95.4,87.6,32.6,
STU0015,CS182,11,,,,,,,
STU0015,CS182,12,,,,,,,
STU0015,CS182,13,,,,,,,
STU0015,CS182,14,,,,,,,
STU0015,CS182,15,,,,,,,
STU0015,MA261,1,95.3,75.7,,95.3,75.7,30.4,
STU0015,MA261,2,93.9,92.0,,94.6,83.8,31.5,
STU0015,MA261,3,100.0,76.4,,96.4,81.4,31.5,
STU0015,MA261,4,100.0,100.0,,97.3,86.0,32.4,
STU0015,MA261,5,100.0,100.0,,97.8,88.8,32.9,
STU0015,MA261,6,91.3,72.5,,96.8,86.1,32.3,
STU0015,MA261,7,83.2,100.0,92.3,94.8,88.1,64.5,
STU0015,MA261,8,97.0,90.8,,95.1,88.4,32.3,
STU0015,MA261,9,88.4,,,94.3,88.4,32.1,
STU0015,MA261,10,100.0,,,94.9,88.4,32.2,
STU0015,MA261,11,,,,,,,
STU0015,MA261,12,,,,,,,
STU0015,MA261,13,,,,,,,
STU0015,MA261,14,,,,,,,
STU0015,MA261,15,,,,,,,
STU0016,CS182,1,87.8,85.6,,87.8,85.6,30.5,
STU0016,CS182,2,90.8,79.6,,89.3,82.6,30.6,
STU0016,CS182,3,80.6,82.6,,86.4,82.6,29.9,
STU0016,CS182,4,100.0,93.1,,89.8,85.2,31.0,
STU0016,CS182,5,99.7,70.8,,91.8,82.3,31.2,
STU0016,CS182,6,79.0,75.4,,89.6,81.2,30.5,
STU0016,CS182,7,87.4,90.1,,89.3,82.5,30.6,
STU0016,CS182,8,73.4,95.3,69.6,87.3,84.1,51.1,
STU0016,CS182,9,83.5,64.8,,86.9,81.9,29.9,
STU0016,CS182,10,73.7,86.8,,85.6,82.4,29.6,
STU0016,CS182,11,,,,,,,
STU0016,CS182,12,,,,,,,
STU0016,CS182,13,,,,,,,
STU0016,CS182,14,,,,,,,
STU0016,CS182,15,,,,,,,
STU0016,MA261,1,87.5,61.5,,87.5,61.5,26.7,
STU0016,MA261,2,76.6,72.9,,82.0,67.2,26.5,
STU0016,MA261,3,100.0,73.8,,88.0,69.4,28.0,
STU0016,MA261,4,74.9,74.0,,84.8,70.6,27.6,
STU0016,MA261,5,84.8,44.6,,84.8,65.4,26.8,
STU0016,MA261,6,86.5,74.2,,85.0,66.8,27.0,
STU0016,MA261,7,92.5,99.1,88.8,86.1,71.4,59.0,
STU0016,MA261,8,84.8,63.7,,86.0,70.5,27.8,
STU0016,MA261,9,100.0,,,87.5,70.5,28.1,
STU0016,MA261,10,87.4,,,87.5,70.5,28.1,
STU0016,MA261,11,,,,,,,
STU0016,MA261,12,,,,,,,
STU0016,MA261,13,,,,,,,
STU0016,MA261,14,,,,,,,
STU0016,MA261,15,,,,,,,
STU0017,CS182,1,85.0,77.6,,85.0,77.6,29.0,
STU0017,CS182,2,84.1,68.3,,84.6,72.9,28.4,
STU0017,CS182,3,80.8,74.8,,83.3,73.6,28.2,
STU0017,CS182,4,80.9,66.7,,82.7,71.8,27.9,
STU0017,CS182,5,86.1,72.1,,83.4,71.9,28.0,
STU0017,CS182,6,97.2,43.4,,85.7,67.1,28.1,
STU0017,CS182,7,93.9,90.2,,86.9,70.4,28.8,
STU0017,CS182,8,68.6,71.1,64.6,84.6,70.5,47.6,
STU0017,CS182,9,73.9,65.9,,83.4,70.0,27.8,
STU0017,CS182,10,76.3,96.2,,82.7,72.6,27.9,
STU0017,CS182,11,,,,,,,
STU0017,CS182,12,,,,,,,
STU0017,CS182,13,,,,,,,
STU0017,CS182,14,,,,,,,
STU0017,CS182,15,,,,,,,
STU0017,MA261,1,92.7,90.5,,92.7,90.5,32.1,
STU0017,MA261,2,91.0,61.7,,91.8,76.1,29.8,
STU0017,MA261,3,81.0,81.1,,88.2,77.8,29.3,
STU0017,MA261,4,75.4,83.8,,85.0,79.3,28.9,
STU0017,MA261,5,83.3,70.7,,84.7,77.6,28.6,
STU0017,MA261,6,90.9,80.5,,85.7,78.0,28.8,
STU0017,MA261,7,82.3,89.1,54.0,85.2,79.6,47.9,
STU0017,MA261,8,90.1,82.3,,85.8,80.0,29.2,
STU0017,MA261,9,82.7,,,85.5,80.0,29.1,
STU0017,MA261,10,87.8,,,85.7,80.0,29.1,
STU0017,MA261,11,,,,,,,
STU0017,MA261,12,,,,,,,
STU0017,MA261,13,,,,,,,
STU0017,MA261,14,,,,,,,
STU0017,MA261,15,,,,,,,
STU0018,CS182,1,73.6,54.0,,73.6,54.0,23.8,
STU0018,CS182,2,62.1,68.8,,67.8,61.4,23.1,
STU0018,CS182,3,60.6,39.3,,65.4,54.0,21.8,
STU0018,CS182,4,53.8,63.5,,62.5,56.4,21.3,
STU0018,CS182,5,56.0,77.3,,61.2,60.6,21.4,
STU0018,CS182,6,49.6,76.6,,59.3,63.2,21.1,
STU0018,CS182,7,67.9,55.1,,60.5,62.1,21.3,
STU0018,CS182,8,61.9,61.0,50.7,60.7,62.0,36.6,
STU0018,CS182,9,75.1,57.6,,62.3,61.5,21.7,
STU0018,CS182,10,67.4,51.9,,62.8,60.5,21.8,
STU0018,CS182,11,,,,,,,
STU0018,CS182,12,,,,,,,
STU0018,CS182,13,,,,,,,
STU0018,CS182,14,,,,,,,
STU0018,CS182,15,,,,,,,
STU0018,MA261,1,65.8,59.9,,65.8,59.9,22.1,
STU0018,MA261,2,52.6,40.1,,59.2,50.0,19.3,
STU0018,MA261,3,72.2,58.3,,63.5,52.8,20.6,
STU0018,MA261,4,64.8,56.5,,63.9,53.7,20.8,
STU0018,MA261,5,69.0,49.8,,64.9,52.9,20.9,
STU0018,MA261,6,60.0,58.6,,64.1,53.9,20.9,
STU0018,MA261,7,58.4,61.1,25.7,63.3,54.9,29.9,
STU0018,MA261,8,74.5,61.9,,64.7,55.8,21.3,
STU0018,MA261,9,68.3,,,65.1,55.8,21.4,
STU0018,MA261,10,74.1,,,66.0,55.8,21.6,
STU0018,MA261,11,,,,,,,
STU0018,MA261,12,,,,,,,
STU0018,MA261,13,,,,,,,
STU0018,MA261,14,,,,,,,
STU0018,MA261,15,,,,,,,
STU0019,CS182,1,100.0,77.9,,100.0,77.9,32.8,
STU0019,CS182,2,99.7,92.5,,99.8,85.2,33.5,
STU0019,CS182,3,100.0,100.0,,99.9,90.1,34.0,
STU0019,CS182,4,100.0,100.0,,99.9,92.6,34.2,
STU0019,CS182,5,100.0,92.6,,99.9,92.6,34.2,
STU0019,CS182,6,98.7,88.9,,99.7,92.0,34.1,
STU0019,CS182,7,99.2,88.3,,99.7,91.5,34.1,
STU0019,CS182,8,100.0,88.6,100.0,99.7,91.1,64.0,
STU0019,CS182,9,100.0,100.0,,99.7,92.1,34.1,
STU0019,CS182,10,100.0,100.0,,99.8,92.9,34.2,
STU0019,CS182,11,,,,,,,
STU0019,CS182,12,,,,,,,
STU0019,CS182,13,,,,,,,
STU0019,CS182,14,,,,,,,
STU0019,CS182,15,,,,,,,
STU0019,MA261,1,100.0,100.0,,100.0,100.0,35.0,
STU0019,MA261,2,100.0,98.8,,100.0,99.4,34.9,
STU0019,MA261,3,100.0,91.5,,100.0,96.8,34.5,
STU0019,MA261,4,100.0,100.0,,100.0,97.6,34.6,
STU0019,MA261,5,100.0,100.0,,100.0,98.1,34.7,
STU0019,MA261,6,100.0,93.2,,100.0,97.2,34.6,
STU0019,MA261,7,100.0,100.0,100.0,100.0,97.6,69.6,
STU0019,MA261,8,97.4,91.3,,99.7,96.8,34.5,
STU0019,MA261,9,100.0,,,99.7,96.8,34.5,
STU0019,MA261,10,100.0,,,99.7,96.8,34.5,
STU0019,MA261,11,,,,,,,
STU0019,MA261,12,,,,,,,
STU0019,MA261,13,,,,,,,
STU0019,MA261,14,,,,,,,
STU0019,MA261,15,,,,,,,
STU0020,CS182,1,95.7,68.3,,95.7,68.3,30.8,
STU0020,CS182,2,97.4,91.6,,96.6,79.9,32.1,
STU0020,CS182,3,98.8,97.3,,97.3,85.7,32.9,
STU0020,CS182,4,100.0,89.8,,98.0,86.8,33.2,
STU0020,CS182,5,93.7,64.4,,97.1,82.3,32.5,
STU0020,CS182,6,97.7,86.8,,97.2,83.0,32.6,
STU0020,CS182,7,96.5,69.0,,97.1,81.0,32.4,
STU0020,CS182,8,85.7,96.9,78.7,95.7,83.0,55.8,
STU0020,CS182,9,99.8,84.6,,96.1,83.2,32.3,
STU0020,CS182,10,94.5,95.6,,96.0,84.4,32.4,
STU0020,CS182,11,,,,,,,
STU0020,CS182,12,,,,,,,
STU0020,CS182,13,,,,,,,
STU0020,CS182,14,,,,,,,
STU0020,CS182,15,,,,,,,
STU0020,MA261,1,90.2,85.5,,90.2,85.5,30.9,
STU0020,MA261,2,90.6,79.1,,90.4,82.3,30.4,
STU0020,MA261,3,91.8,87.0,,90.9,83.9,30.8,
STU0020,MA261,4,90.5,99.4,,90.8,87.8,31.3,
STU0020,MA261,5,87.2,82.1,,90.1,86.6,31.0,
STU0020,MA261,6,90.8,100.0,,90.2,88.9,31.4,
STU0020,MA261,7,95.9,96.7,57.0,91.0,90.0,51.6,
STU0020,MA261,8,96.4,95.0,,91.7,90.6,31.9,
STU0020,MA261,9,95.0,,,92.0,90.6,32.0,
STU0020,MA261,10,100.0,,,92.8,90.6,32.2,
STU0020,MA261,11,,,,,,,
STU0020,MA261,12,,,,,,,
STU0020,MA261,13,,,,,,,
STU0020,MA261,14,,,,,,,
STU0020,MA261,15,,,,,,,
STU0021,CS182,1,88.5,94.8,,88.5,94.8,31.6,
STU0021,CS182,2,74.3,61.9,,81.4,78.4,28.2,
STU0021,CS182,3,88.9,86.2,,83.9,81.0,29.1,
STU0021,CS182,4,73.1,62.2,,81.2,76.3,27.9,
STU0021,CS182,5,75.0,51.1,,80.0,71.2,27.1,
STU0021,CS182,6,69.9,55.2,,78.3,68.6,26.4,
STU0021,CS182,7,71.1,66.8,,77.3,68.3,26.2,
STU0021,CS182,8,79.1,85.8,47.3,77.5,70.5,40.6,
STU0021,CS182,9,85.1,64.7,,78.3,69.9,26.6,
STU0021,CS182,10,76.8,75.3,,78.2,70.4,26.6,
STU0021,CS182,11,,,,,,,
STU0021,CS182,12,,,,,,,
STU0021,CS182,13,,,,,,,
STU0021,CS182,14,,,,,,,
STU0021,CS182,15,,,,,,,
STU0021,MA261,1,68.3,71.8,,68.3,71.8,24.4,
STU0021,MA261,2,78.6,73.2,,73.4,72.5,25.6,
STU0021,MA261,3,79.6,96.7,,75.5,80.6,27.2,
STU0021,MA261,4,72.1,60.9,,74.6,75.6,26.3,
STU0021,MA261,5,72.3,60.6,,74.2,72.6,25.7,
STU0021,MA261,6,72.1,81.5,,73.8,74.1,25.9,
STU0021,MA261,7,88.6,60.4,49.8,75.9,72.2,43.4,
STU0021,MA261,8,81.0,60.6,,76.6,70.7,25.9,
STU0021,MA261,9,82.3,,,77.2,70.7,26.0,
STU0021,MA261,10,78.9,,,77.4,70.7,26.1,
STU0021,MA261,11,,,,,,,
STU0021,MA261,12,,,,,,,
STU0021,MA261,13,,,,,,,
STU0021,MA261,14,,,,,,,
STU0021,MA261,15,,,,,,,
STU0022,CS182,1,74.6,73.8,,74.6,73.8,26.0,
STU0022,CS182,2,57.4,47.6,,66.0,60.7,22.6,
STU0022,CS182,3,64.6,56.3,,65.5,59.2,22.3,
STU0022,CS182,4,67.5,76.4,,66.0,63.5,22.8,
STU0022,CS182,5,60.8,42.7,,65.0,59.4,22.2,
STU0022,CS182,6,51.2,43.5,,62.7,56.7,21.3,
STU0022,CS182,7,62.0,73.8,,62.6,59.2,21.6,
STU0022,CS182,8,58.1,54.9,47.0,62.0,58.6,35.5,
STU0022,CS182,9,71.8,82.6,,63.1,61.3,21.9,
STU0022,CS182,10,58.0,46.4,,62.6,59.8,21.6,
STU0022,CS182,11,,,,,,,
STU0022,CS182,12,,,,,,,
STU0022,CS182,13,,,,,,,
STU0022,CS182,14,,,,,,,
STU0022,CS182,15,,,,,,,
STU0022,MA261,1,70.6,60.4,,70.6,60.4,23.2,
STU0022,MA261,2,77.0,59.3,,73.8,59.8,23.7,
STU0022,MA261,3,59.4,59.4,,69.0,59.7,22.8,
STU0022,MA261,4,71.1,62.1,,69.5,60.3,22.9,
STU0022,MA261,5,66.3,65.1,,68.9,61.3,23.0,
STU0022,MA261,6,71.6,68.8,,69.3,62.5,23.2,
STU0022,MA261,7,67.5,50.3,49.5,69.1,60.8,40.3,
STU0022,MA261,8,71.9,42.5,,69.4,58.5,22.7,
STU0022,MA261,9,65.2,,,69.0,58.5,22.6,
STU0022,MA261,10,59.1,,,68.0,58.5,22.4,
STU0022,MA261,11,,,,,,,
STU0022,MA261,12,,,,,,,
STU0022,MA261,13,,,,,,,
STU0022,MA261,14,,,,,,,
STU0022,MA261,15,,,,,,,
STU0023,CS182,1,95.7,77.7,,95.7,77.7,31.7,
STU0023,CS182,2,85.8,59.1,,90.8,68.4,29.5,
STU0023,CS182,3,91.4,83.2,,91.0,73.3,30.1,
STU0023,CS182,4,100.0,71.7,,93.2,72.9,30.6,
STU0023,CS182,5,87.2,78.4,,92.0,74.0,30.4,
STU0023,CS182,6,98.1,74.3,,93.0,74.1,30.7,
STU0023,CS182,7,87.7,82.7,,92.3,75.3,30.6,
STU0023,CS182,8,86.9,70.1,73.3,91.6,74.6,52.4,
STU0023,CS182,9,94.0,63.1,,91.9,73.4,30.3,
STU0023,CS182,10,86.5,67.0,,91.3,72.7,30.1,
STU0023,CS182,11,,,,,,,
STU0023,CS182,12,,,,,,,
STU0023,CS182,13,,,,,,,
STU0023,CS182,14,,,,,,,
STU0023,CS182,15,,,,,,,
STU0023,MA261,1,95.0,57.2,,95.0,57.2,27.6,
STU0023,MA261,2,81.0,80.0,,88.0,68.6,27.9,
STU0023,MA261,3,98.0,74.6,,91.3,70.6,28.8,
STU0023,MA261,4,81.0,98.0,,88.8,77.4,29.4,
STU0023,MA261,5,73.8,49.0,,85.8,71.8,27.9,
STU0023,MA261,6,89.0,69.4,,86.3,71.4,28.0,
STU0023,MA261,7,77.3,83.9,74.1,85.0,73.2,53.9,
STU0023,MA261,8,80.9,60.1,,84.5,71.5,27.6,
STU0023,MA261,9,92.4,,,85.4,71.5,27.8,
STU0023,MA261,10,90.6,,,85.9,71.5,27.9,
STU0023,MA261,11,,,,,,,
STU0023,MA261,12,,,,,,,
STU0023,MA261,13,,,,,,,
STU0023,MA261,14,,,,,,,
STU0023,MA261,15,,,,,,,
STU0024,CS182,1,98.3,60.7,,98.3,60.7,30.6,
STU0024,CS182,2,71.3,65.2,,84.8,63.0,27.5,
STU0024,CS182,3,83.1,76.4,,84.2,67.4,27.8,
STU0024,CS182,4,81.6,77.7,,83.6,70.0,27.9,
STU0024,CS182,5,73.5,90.8,,81.6,74.2,27.8,
STU0024,CS182,6,82.9,86.9,,81.8,76.3,28.1,
STU0024,CS182,7,86.3,79.0,,82.4,76.7,28.3,
STU0024,CS182,8,88.1,78.9,78.2,83.1,77.0,51.9,
STU0024,CS182,9,94.1,75.9,,84.4,76.8,28.8,
STU0024,CS182,10,89.2,72.4,,84.8,76.4,28.8,
STU0024,CS182,11,,,,,,,
STU0024,CS182,12,,,,,,,
STU0024,CS182,13,,,,,,,
STU0024,CS182,14,,,,,,,
STU0024,CS182,15,,,,,,,
STU0024,MA261,1,95.0,65.4,,95.0,65.4,28.8,
STU0024,MA261,2,97.9,73.0,,96.4,69.2,29.7,
STU0024,MA261,3,72.1,75.0,,88.3,71.1,28.3,
STU0024,MA261,4,78.1,83.6,,85.8,74.2,28.3,
STU0024,MA261,5,78.3,68.2,,84.3,73.0,27.8,
STU0024,MA261,6,68.4,68.1,,81.6,72.2,27.2,
STU0024,MA261,7,64.1,54.5,79.9,79.1,69.7,54.2,
STU0024,MA261,8,89.8,78.6,,80.5,70.8,26.7,
STU0024,MA261,9,75.8,,,79.9,70.8,26.6,
STU0024,MA261,10,83.1,,,80.3,70.8,26.7,
STU0024,MA261,11,,,,,,,
STU0024,MA261,12,,,,,,,
STU0024,MA261,13,,,,,,,
STU0024,MA261,14,,,,,,,
STU0024,MA261,15,,,,,,,
STU0025,CS182,1,75.7,93.0,,75.7,93.0,28.2,
STU0025,CS182,2,92.0,72.3,,83.8,82.6,29.2,
STU0025,CS182,3,85.2,77.4,,84.3,80.9,29.2,
STU0025,CS182,4,68.6,72.0,,80.4,78.7,28.0,
STU0025,CS182,5,79.5,62.9,,80.2,75.5,27.6,
STU0025,CS182,6,82.7,96.5,,80.6,79.0,28.0,
STU0025,CS182,7,90.1,68.1,,82.0,77.5,28.2,
STU0025,CS182,8,89.5,91.7,83.8,82.9,79.2,53.8,
STU0025,CS182,9,85.4,67.2,,83.2,77.9,28.6,
STU0025,CS182,10,90.5,79.7,,83.9,78.1,28.8,
STU0025,CS182,11,,,,,,,
STU0025,CS182,12,,,,,,,
STU0025,CS182,13,,,,,,,
STU0025,CS182,14,,,,,,,
STU0025,CS182,15,,,,,,,
STU0025,MA261,1,92.1,82.6,,92.1,82.6,30.8,
STU0025,MA261,2,93.3,68.5,,92.7,75.6,29.9,
STU0025,MA261,3,95.5,77.3,,93.6,76.1,30.1,
STU0025,MA261,4,100.0,66.7,,95.2,73.8,30.1,
STU0025,MA261,5,98.8,77.3,,95.9,74.5,30.4,
STU0025,MA261,6,79.7,69.1,,93.2,73.6,29.7,
STU0025,MA261,7,82.4,80.0,77.8,91.7,74.5,56.7,
STU0025,MA261,8,80.4,74.7,,90.3,74.5,29.2,
STU0025,MA261,9,100.0,,,91.4,74.5,29.5,
STU0025,MA261,10,98.8,,,92.1,74.5,29.6,
STU0025,MA261,11,,,,,,,
STU0025,MA261,12,,,,,,,
STU0025,MA261,13,,,,,,,
STU0025,MA261,14,,,,,,,
STU0025,MA261,15,,,,,,,
STU0026,CS182,1,91.8,83.0,,91.8,83.0,31.2,
STU0026,CS182,2,96.5,69.3,,94.2,76.2,31.2,
STU0026,CS182,3,89.5,61.5,,92.6,71.3,30.3,
STU0026,CS182,4,94.7,89.3,,93.1,75.8,30.9,
STU0026,CS182,5,87.7,100.0,,92.0,80.6,31.1,
STU0026,CS182,6,81.7,64.0,,90.3,77.9,30.4,
STU0026,CS182,7,93.3,94.1,,90.7,80.2,30.7,
STU0026,CS182,8,100.0,76.0,92.7,91.9,79.6,58.7,
STU0026,CS182,9,91.2,79.5,,91.8,79.6,30.9,
STU0026,CS182,10,98.6,89.4,,92.5,80.6,31.2,
STU0026,CS182,11,,,,,,,
STU0026,CS182,12,,,,,,,
STU0026,CS182,13,,,,,,,
STU0026,CS182,14,,,,,,,
STU0026,CS182,15,,,,,,,
STU0026,MA261,1,78.9,99.3,,78.9,99.3,30.7,
STU0026,MA261,2,100.0,74.0,,89.4,86.6,30.9,
STU0026,MA261,3,94.7,87.5,,91.2,86.9,31.3,
STU0026,MA261,4,93.6,74.9,,91.8,83.9,30.9,
STU0026,MA261,5,86.2,81.2,,90.7,83.4,30.6,
STU0026,MA261,6,100.0,88.1,,92.2,84.2,31.1,
STU0026,MA261,7,88.6,90.8,33.8,91.7,85.1,42.9,
STU0026,MA261,8,100.0,60.7,,92.8,82.1,30.9,
STU0026,MA261,9,88.6,,,92.3,82.1,30.8,
STU0026,MA261,10,82.6,,,91.3,82.1,30.6,
STU0026,MA261,11,,,,,,,
STU0026,MA261,12,,,,,,,
STU0026,MA261,13,,,,,,,
STU0026,MA261,14,,,,,,,
STU0026,MA261,15,,,,,,,
STU0027,CS182,1,74.9,50.0,,74.9,50.0,23.7,
STU0027,CS182,2,68.4,55.0,,71.6,52.5,23.2,
STU0027,CS182,3,69.4,56.5,,70.9,53.8,23.1,
STU0027,CS182,4,55.3,67.5,,67.0,57.2,22.5,
STU0027,CS182,5,61.6,36.9,,65.9,53.2,21.8,
STU0027,CS182,6,62.2,73.6,,65.3,56.6,22.0,
STU0027,CS182,7,72.4,51.4,,66.3,55.8,22.2,
STU0027,CS182,8,62.8,51.7,81.7,65.9,55.3,46.5,
STU0027,CS182,9,68.6,60.7,,66.2,55.9,22.1,
STU0027,CS182,10,73.8,58.4,,66.9,56.2,22.3,
STU0027,CS182,11,,,,,,,
STU0027,CS182,12,,,,,,,
STU0027,CS182,13,,,,,,,
STU0027,CS182,14,,,,,,,
STU0027,CS182,15,,,,,,,
STU0027,MA261,1,63.5,53.2,,63.5,53.2,20.7,
STU0027,MA261,2,65.0,55.1,,64.2,54.2,21.0,
STU0027,MA261,3,71.4,56.2,,66.6,54.8,21.5,
STU0027,MA261,4,71.4,54.6,,67.8,54.8,21.8,
STU0027,MA261,5,66.2,31.6,,67.5,50.1,21.0,
STU0027,MA261,6,72.9,59.7,,68.4,51.7,21.4,
STU0027,MA261,7,73.6,20.8,81.9,69.1,47.3,49.6,
STU0027,MA261,8,64.5,68.9,,68.6,50.0,21.2,
STU0027,MA261,9,57.3,,,67.3,50.0,21.0,
STU0027,MA261,10,70.5,,,67.6,50.0,21.0,
STU0027,MA261,11,,,,,,,
STU0027,MA261,12,,,,,,,
STU0027,MA261,13,,,,,,,
STU0027,MA261,14,,,,,,,
STU0027,MA261,15,,,,,,,
STU0028,CS182,1,64.2,82.2,,64.2,82.2,24.3,
STU0028,CS182,2,67.7,61.8,,66.0,72.0,23.7,
STU0028,CS182,3,76.2,65.1,,69.4,69.7,24.3,
STU0028,CS182,4,70.4,63.6,,69.6,68.2,24.2,
STU0028,CS182,5,88.4,58.5,,73.4,66.2,25.0,
STU0028,CS182,6,70.8,71.8,,73.0,67.2,25.0,
STU0028,CS182,7,78.0,73.4,,73.7,68.1,25.2,
STU0028,CS182,8,74.3,45.5,78.7,73.8,65.2,48.6,
STU0028,CS182,9,60.0,62.8,,72.2,65.0,24.6,
STU0028,CS182,10,63.2,58.4,,71.3,64.3,24.3,
STU0028,CS182,11,,,,,,,
STU0028,CS182,12,,,,,,,
STU0028,CS182,13,,,,,,,
STU0028,CS182,14,,,,,,,
STU0028,CS182,15,,,,,,,
STU0028,MA261,1,71.8,63.1,,71.8,63.1,23.8,
STU0028,MA261,2,72.6,78.6,,72.2,70.8,25.1,
STU0028,MA261,3,72.8,56.3,,72.4,66.0,24.4,
STU0028,MA261,4,76.9,73.5,,73.5,67.9,24.9,
STU0028,MA261,5,59.4,66.4,,70.7,67.6,24.3,
STU0028,MA261,6,74.8,55.6,,71.4,65.6,24.1,
STU0028,MA261,7,80.2,57.4,56.1,72.6,64.4,43.8,
STU0028,MA261,8,67.8,59.4,,72.0,63.8,24.0,
STU0028,MA261,9,60.4,,,70.7,63.8,23.7,
STU0028,MA261,10,57.7,,,69.4,63.8,23.5,
STU0028,MA261,11,,,,,,,
STU0028,MA261,12,,,,,,,
STU0028,MA261,13,,,,,,,
STU0028,MA261,14,,,,,,,
STU0028,MA261,15,,,,,,,
STU0029,CS182,1,100.0,87.0,,100.0,87.0,33.7,
STU0029,CS182,2,91.7,91.3,,95.8,89.2,32.9,
STU0029,CS182,3,98.3,100.0,,96.7,92.8,33.5,
STU0029,CS182,4,100.0,90.7,,97.5,92.2,33.6,
STU0029,CS182,5,100.0,100.0,,98.0,93.8,33.9,
STU0029,CS182,6,100.0,68.9,,98.3,89.6,33.5,
STU0029,CS182,7,100.0,82.2,,98.6,88.6,33.5,
STU0029,CS182,8,95.8,100.0,100.0,98.2,90.0,63.6,
STU0029,CS182,9,100.0,100.0,,98.4,91.1,33.7,
STU0029,CS182,10,100.0,100.0,,98.6,92.0,33.8,
STU0029,CS182,11,,,,,,,
STU0029,CS182,12,,,,,,,
STU0029,CS182,13,,,,,,,
STU0029,CS182,14,,,,,,,
STU0029,CS182,15,,,,,,,
STU0029,MA261,1,100.0,100.0,,100.0,100.0,35.0,
STU0029,MA261,2,100.0,98.2,,100.0,99.1,34.9,
STU0029,MA261,3,100.0,95.5,,100.0,97.9,34.7,
STU0029,MA261,4,95.4,97.7,,98.8,97.8,34.4,
STU0029,MA261,5,100.0,85.7,,99.1,95.4,34.1,
STU0029,MA261,6,100.0,100.0,,99.2,96.2,34.3,
STU0029,MA261,7,100.0,80.1,79.1,99.3,93.9,61.6,
STU0029,MA261,8,100.0,87.1,,99.4,93.0,33.8,
STU0029,MA261,9,100.0,,,99.5,93.0,33.8,
STU0029,MA261,10,100.0,,,99.5,93.0,33.8,
STU0029,MA261,11,,,,,,,
STU0029,MA261,12,,,,,,,
STU0029,MA261,13,,,,,,,
STU0029,MA261,14,,,,,,,
STU0029,MA261,15,,,,,,,
STU0030,CS182,1,71.3,44.5,,71.3,44.5,22.3,
STU0030,CS182,2,65.7,64.3,,68.5,54.4,22.6,
STU0030,CS182,3,57.7,65.8,,64.9,58.2,22.0,
STU0030,CS182,4,70.3,67.1,,66.2,60.4,22.6,
STU0030,CS182,5,72.3,76.8,,67.5,63.7,23.2,
STU0030,CS182,6,71.5,55.3,,68.1,62.3,23.3,
STU0030,CS182,7,71.5,67.0,,68.6,63.0,23.4,
STU0030,CS182,8,70.9,61.0,44.9,68.9,62.7,37.0,
STU0030,CS182,9,65.2,43.6,,68.5,60.6,23.2,
STU0030,CS182,10,84.5,45.5,,70.1,59.1,23.4,
STU0030,CS182,11,,,,,,,
STU0030,CS182,12,,,,,,,
STU0030,CS182,13,,,,,,,
STU0030,CS182,14,,,,,,,
STU0030,CS182,15,,,,,,,
STU0030,MA261,1,64.9,51.9,,64.9,51.9,20.8,
STU0030,MA261,2,77.6,56.9,,71.2,54.4,22.4,
STU0030,MA261,3,80.5,52.4,,74.3,53.7,22.9,
STU0030,MA261,4,72.7,50.5,,73.9,52.9,22.7,
STU0030,MA261,5,87.6,46.2,,76.7,51.6,23.1,
STU0030,MA261,6,73.0,68.1,,76.0,54.3,23.3,
STU0030,MA261,7,73.8,58.3,53.5,75.7,54.9,42.1,
STU0030,MA261,8,70.8,58.7,,75.1,55.4,23.3,
STU0030,MA261,9,78.2,,,75.5,55.4,23.4,
STU0030,MA261,10,88.2,,,76.7,55.4,23.6,
STU0030,MA261,11,,,,,,,
STU0030,MA261,12,,,,,,,
STU0030,MA261,13,,,,,,,
STU0030,MA261,14,,,,,,,
STU0030,MA261,15,,,,,,,
STU0031,CS182,1,65.7,65.6,,65.7,65.6,23.0,
STU0031,CS182,2,97.3,57.0,,81.5,61.3,26.5,
STU0031,CS182,3,89.8,86.8,,84.3,69.8,28.1,
STU0031,CS182,4,72.2,73.5,,81.2,70.7,27.4,
STU0031,CS182,5,89.7,62.1,,82.9,69.0,27.6,
STU0031,CS182,6,75.0,59.7,,81.6,67.4,27.1,
STU0031,CS182,7,68.5,58.8,,79.7,66.2,26.5,
STU0031,CS182,8,66.8,67.0,50.1,78.1,66.3,41.2,
STU0031,CS182,9,78.5,48.0,,78.2,64.3,26.0,
STU0031,CS182,10,79.3,76.6,,78.3,65.5,26.1,
STU0031,CS182,11,,,,,,,
STU0031,CS182,12,,,,,,,
STU0031,CS182,13,,,,,,,
STU0031,CS182,14,,,,,,,
STU0031,CS182,15,,,,,,,
STU0031,MA261,1,60.7,71.1,,60.7,71.1,22.8,
STU0031,MA261,2,86.5,52.1,,73.6,61.6,24.0,
STU0031,MA261,3,90.0,71.7,,79.1,65.0,25.6,
STU0031,MA261,4,71.0,66.0,,77.0,65.2,25.2,
STU0031,MA261,5,81.1,67.5,,77.9,65.7,25.4,
STU0031,MA261,6,80.9,55.6,,78.4,64.0,25.3,
STU0031,MA261,7,78.0,49.7,60.0,78.3,62.0,46.0,
STU0031,MA261,8,69.4,57.8,,77.2,61.4,24.6,
STU0031,MA261,9,86.5,,,78.2,61.4,24.8,
STU0031,MA261,10,85.4,,,78.9,61.4,25.0,
STU0031,MA261,11,,,,,,,
STU0031,MA261,12,,,,,,,
STU0031,MA261,13,,,,,,,
STU0031,MA261,14,,,,,,,
STU0031,MA261,15,,,,,,,
STU0032,CS182,1,85.4,80.3,,85.4,80.3,29.4,
STU0032,CS182,2,100.0,85.8,,92.7,83.0,31.5,
STU0032,CS182,3,100.0,88.9,,95.1,85.0,32.3,
STU0032,CS182,4,95.7,80.4,,95.3,83.8,32.2,
STU0032,CS182,5,95.2,82.3,,95.3,83.5,32.2,
STU0032,CS182,6,99.8,95.6,,96.0,85.6,32.6,
STU0032,CS182,7,87.8,68.2,,94.8,83.1,32.0,
STU0032,CS182,8,79.4,90.2,62.6,92.9,84.0,50.4,
STU0032,CS182,9,76.9,88.8,,91.1,84.5,31.2,
STU0032,CS182,10,100.0,84.1,,92.0,84.5,31.4,
STU0032,CS182,11,,,,,,,
STU0032,CS182,12,,,,,,,
STU0032,CS182,13,,,,,,,
STU0032,CS182,14,,,,,,,
STU0032,CS182,15,,,,,,,
STU0032,MA261,1,100.0,85.1,,100.0,85.1,32.8,
STU0032,MA261,2,93.3,95.2,,96.6,90.2,32.8,
STU0032,MA261,3,91.8,87.3,,95.0,89.2,32.4,
STU0032,MA261,4,96.7,76.1,,95.4,85.9,32.0,
STU0032,MA261,5,100.0,82.0,,96.4,85.1,32.0,
STU0032,MA261,6,88.1,90.6,,95.0,86.1,31.9,
STU0032,MA261,7,86.9,84.5,79.0,93.8,85.8,59.3,
STU0032,MA261,8,100.0,89.8,,94.6,86.3,31.9,
STU0032,MA261,9,93.9,,,94.5,86.3,31.8,
STU0032,MA261,10,100.0,,,95.1,86.3,32.0,
STU0032,MA261,11,,,,,,,
STU0032,MA261,12,,,,,,,
STU0032,MA261,13,,,,,,,
STU0032,MA261,14,,,,,,,
STU0032,MA261,15,,,,,,,
STU0033,CS182,1,100.0,96.0,,100.0,96.0,34.6,
STU0033,CS182,2,95.4,83.1,,97.7,89.6,33.4,
STU0033,CS182,3,100.0,88.5,,98.5,89.2,33.5,
STU0033,CS182,4,100.0,96.5,,98.8,91.0,33.8,
STU0033,CS182,5,100.0,95.0,,99.1,91.8,34.0,
STU0033,CS182,6,100.0,96.6,,99.2,92.6,34.1,
STU0033,CS182,7,90.0,84.6,,97.9,91.5,33.6,
STU0033,CS182,8,100.0,81.3,99.9,98.2,90.2,63.5,
STU0033,CS182,9,100.0,100.0,,98.4,91.3,33.7,
STU0033,CS182,10,100.0,100.0,,98.5,92.2,33.8,
STU0033,CS182,11,,,,,,,
STU0033,CS182,12,,,,,,,
STU0033,CS182,13,,,,,,,
STU0033,CS182,14,,,,,,,
STU0033,CS182,15,,,,,,,
STU0033,MA261,1,100.0,91.8,,100.0,91.8,33.8,
STU0033,MA261,2,100.0,92.2,,100.0,92.0,33.8,
STU0033,MA261,3,100.0,97.9,,100.0,94.0,34.1,
STU0033,MA261,4,100.0,95.9,,100.0,94.4,34.2,
STU0033,MA261,5,100.0,100.0,,100.0,95.6,34.3,
STU0033,MA261,6,100.0,78.0,,100.0,92.6,33.9,
STU0033,MA261,7,85.4,100.0,70.3,97.9,93.7,58.2,
STU0033,MA261,8,100.0,81.8,,98.2,92.2,33.5,
STU0033,MA261,9,91.4,,,97.4,92.2,33.3,
STU0033,MA261,10,100.0,,,97.7,92.2,33.4,
STU0033,MA261,11,,,,,,,
STU0033,MA261,12,,,,,,,
STU0033,MA261,13,,,,,,,
STU0033,MA261,14,,,,,,,
STU0033,MA261,15,,,,,,,
STU0034,CS182,1,91.8,55.3,,91.8,55.3,28.5,
STU0034,CS182,2,92.0,91.1,,91.9,73.2,30.3,
STU0034,CS182,3,84.6,88.6,,89.5,78.3,30.2,
STU0034,CS182,4,96.3,93.3,,91.2,82.1,31.0,
STU0034,CS182,5,97.3,74.7,,92.4,80.6,31.2,
STU0034,CS182,6,100.0,84.5,,93.7,81.2,31.5,
STU0034,CS182,7,96.2,75.2,,94.0,80.4,31.5,
STU0034,CS182,8,92.8,75.8,78.8,93.9,79.8,55.1,
STU0034,CS182,9,100.0,69.9,,94.6,78.7,31.5,
STU0034,CS182,10,83.5,100.0,,93.4,80.8,31.4,
STU0034,CS182,11,,,,,,,
STU0034,CS182,12,,,,,,,
STU0034,CS182,13,,,,,,,
STU0034,CS182,14,,,,,,,
STU0034,CS182,15,,,,,,,
STU0034,MA261,1,94.7,78.4,,94.7,78.4,30.7,
STU0034,MA261,2,100.0,79.1,,97.4,78.8,31.3,
STU0034,MA261,3,100.0,94.5,,98.2,84.0,32.2,
STU0034,MA261,4,92.5,100.0,,96.8,88.0,32.6,
STU0034,MA261,5,91.5,95.3,,95.7,89.5,32.6,
STU0034,MA261,6,98.8,100.0,,96.2,91.2,32.9,
STU0034,MA261,7,100.0,86.8,70.1,96.8,90.6,57.5,
STU0034,MA261,8,100.0,78.3,,97.2,89.0,32.8,
STU0034,MA261,9,100.0,,,97.5,89.0,32.8,
STU0034,MA261,10,97.5,,,97.5,89.0,32.8,
STU0034,MA261,11,,,,,,,
STU0034,MA261,12,,,,,,,
STU0034,MA261,13,,,,,,,
STU0034,MA261,14,,,,,,,
STU0034,MA261,15,,,,,,,
STU0035,CS182,1,81.0,53.4,,81.0,53.4,25.6,
STU0035,CS182,2,71.7,83.9,,76.4,68.6,26.0,
STU0035,CS182,3,74.3,57.0,,75.7,64.8,25.4,
STU0035,CS182,4,83.8,83.7,,77.7,69.5,26.4,
STU0035,CS182,5,85.3,81.5,,79.2,71.9,27.0,
STU0035,CS182,6,73.5,52.5,,78.3,68.7,26.4,
STU0035,CS182,7,91.5,65.6,,80.2,68.2,26.9,
STU0035,CS182,8,77.5,85.5,72.9,79.8,70.4,48.9,
STU0035,CS182,9,83.2,95.5,,80.2,73.2,27.4,
STU0035,CS182,10,74.4,80.7,,79.6,73.9,27.3,
STU0035,CS182,11,,,,,,,
STU0035,CS182,12,,,,,,,
STU0035,CS182,13,,,,,,,
STU0035,CS182,14,,,,,,,
STU0035,CS182,15,,,,,,,
STU0035,MA261,1,80.0,72.7,,80.0,72.7,26.9,
STU0035,MA261,2,91.7,75.6,,85.8,74.2,28.3,
STU0035,MA261,3,83.8,82.4,,85.2,76.9,28.6,
STU0035,MA261,4,76.6,59.4,,83.0,72.5,27.5,
STU0035,MA261,5,71.2,45.9,,80.7,67.2,26.2,
STU0035,MA261,6,96.0,56.3,,83.2,65.4,26.4,
STU0035,MA261,7,77.8,66.2,69.1,82.4,65.5,50.5,
STU0035,MA261,8,86.0,79.8,,82.9,67.3,26.7,
STU0035,MA261,9,74.9,,,82.0,67.3,26.5,
STU0035,MA261,10,78.2,,,81.6,67.3,26.4,
STU0035,MA261,11,,,,,,,
STU0035,MA261,12,,,,,,,
STU0035,MA261,13,,,,,,,
STU0035,MA261,14,,,,,,,
STU0035,MA261,15,,,,,,,
STU0036,CS182,1,87.2,98.5,,87.2,98.5,31.6,
STU0036,CS182,2,93.2,88.1,,90.2,93.3,31.9,
STU0036,CS182,3,94.5,93.3,,91.6,93.3,32.2,
STU0036,CS182,4,90.7,63.7,,91.4,85.9,31.4,
STU0036,CS182,5,92.4,71.4,,91.6,83.0,31.2,
STU0036,CS182,6,85.0,86.3,,90.5,83.6,31.0,
STU0036,CS182,7,99.1,79.5,,91.7,83.0,31.2,
STU0036,CS182,8,91.7,99.7,77.8,91.7,85.1,54.8,
STU0036,CS182,9,100.0,86.0,,92.6,85.2,31.7,
STU0036,CS182,10,75.2,88.3,,90.9,85.5,31.3,
STU0036,CS182,11,,,,,,,
STU0036,CS182,12,,,,,,,
STU0036,CS182,13,,,,,,,
STU0036,CS182,14,,,,,,,
STU0036,CS182,15,,,,,,,
STU0036,MA261,1,92.3,94.7,,92.3,94.7,32.7,
STU0036,MA261,2,94.6,77.6,,93.4,86.2,31.6,
STU0036,MA261,3,79.4,76.7,,88.8,83.0,30.2,
STU0036,MA261,4,82.4,72.3,,87.2,80.3,29.5,
STU0036,MA261,5,93.9,99.3,,88.5,84.1,30.3,
STU0036,MA261,6,92.4,64.9,,89.2,80.9,30.0,
STU0036,MA261,7,92.8,93.6,65.1,89.7,82.7,53.1,
STU0036,MA261,8,88.2,79.4,,89.5,82.3,30.2,
STU0036,MA261,9,83.0,,,88.8,82.3,30.1,
STU0036,MA261,10,94.4,,,89.3,82.3,30.2,
STU0036,MA261,11,,,,,,,
STU0036,MA261,12,,,,,,,
STU0036,MA261,13,,,,,,,
STU0036,MA261,14,,,,,,,
STU0036,MA261,15,,,,,,,
STU0037,CS182,1,86.5,62.5,,86.5,62.5,27.9,
STU0037,CS182,2,79.7,81.9,,83.1,72.2,28.0,
STU0037,CS182,3,80.2,93.9,,82.1,79.4,28.5,
STU0037,CS182,4,80.0,75.9,,81.6,78.6,28.3,
STU0037,CS182,5,90.6,56.2,,83.4,74.1,28.3,
STU0037,CS182,6,69.1,54.9,,81.0,70.9,27.3,
STU0037,CS182,7,93.3,66.6,,82.8,70.3,27.7,
STU0037,CS182,8,100.0,66.4,71.0,84.9,69.8,49.5,
STU0037,CS182,9,95.5,97.3,,86.1,72.8,28.8,
STU0037,CS182,10,99.7,87.7,,87.5,74.3,29.3,
STU0037,CS182,11,,,,,,,
STU0037,CS182,12,,,,,,,
STU0037,CS182,13,,,,,,,
STU0037,CS182,14,,,,,,,
STU0037,CS182,15,,,,,,,
STU0037,MA261,1,91.4,80.3,,91.4,80.3,30.3,
STU0037,MA261,2,89.4,66.6,,90.4,73.4,29.1,
STU0037,MA261,3,76.6,73.1,,85.8,73.3,28.2,
STU0037,MA261,4,81.8,67.7,,84.8,71.9,27.7,
STU0037,MA261,5,88.8,84.6,,85.6,74.5,28.3,
STU0037,MA261,6,83.9,90.9,,85.3,77.2,28.6,
STU0037,MA261,7,74.1,70.9,57.4,83.7,76.3,48.3,
STU0037,MA261,8,68.3,72.2,,81.8,75.8,27.7,
STU0037,MA261,9,82.2,,,81.8,75.8,27.7,
STU0037,MA261,10,95.3,,,83.2,75.8,28.0,
STU0037,MA261,11,,,,,,,
STU0037,MA261,12,,,,,,,
STU0037,MA261,13,,,,,,,
STU0037,MA261,14,,,,,,,
STU0037,MA261,15,,,,,,,
STU0038,CS182,1,86.3,100.0,,86.3,100.0,31.6,
STU0038,CS182,2,100.0,91.4,,93.2,95.7,32.9,
STU0038,CS182,3,92.7,72.9,,93.0,88.1,32.1,
STU0038,CS182,4,91.5,97.5,,92.6,90.4,32.2,
STU0038,CS182,5,100.0,100.0,,94.1,92.4,32.8,
STU0038,CS182,6,90.6,71.0,,93.5,88.8,32.3,
STU0038,CS182,7,95.6,63.2,,93.8,85.1,32.0,
STU0038,CS182,8,97.0,82.7,72.5,94.2,84.8,53.8,
STU0038,CS182,9,81.7,90.6,,92.8,85.5,31.8,
STU0038,CS182,10,90.2,70.4,,92.6,84.0,31.6,
STU0038,CS182,11,,,,,,,
STU0038,CS182,12,,,,,,,
STU0038,CS182,13,,,,,,,
STU0038,CS182,14,,,,,,,
STU0038,CS182,15,,,,,,,
STU0038,MA261,1,71.5,84.1,,71.5,84.1,26.9,
STU0038,MA261,2,100.0,100.0,,85.8,92.0,31.0,
STU0038,MA261,3,90.8,77.2,,87.4,87.1,30.5,
STU0038,MA261,4,98.2,72.5,,90.1,83.4,30.5,
STU0038,MA261,5,96.9,93.7,,91.5,85.5,31.1,
STU0038,MA261,6,100.0,83.3,,92.9,85.1,31.3,
STU0038,MA261,7,92.8,73.9,67.1,92.9,83.5,54.6,
STU0038,MA261,8,92.7,88.9,,92.9,84.2,31.2,
STU0038,MA261,9,100.0,,,93.7,84.2,31.4,
STU0038,MA261,10,88.0,,,93.1,84.2,31.2,
STU0038,MA261,11,,,,,,,
STU0038,MA261,12,,,,,,,
STU0038,MA261,13,,,,,,,
STU0038,MA261,14,,,,,,,
STU0038,MA261,15,,,,,,,
STU0039,CS182,1,100.0,97.1,,100.0,97.1,34.7,
STU0039,CS182,2,100.0,68.3,,100.0,82.7,33.3,
STU0039,CS182,3,100.0,100.0,,100.0,88.5,33.8,
STU0039,CS182,4,100.0,98.2,,100.0,90.9,34.1,
STU0039,CS182,5,100.0,78.6,,100.0,88.4,33.8,
STU0039,CS182,6,100.0,100.0,,100.0,90.4,34.0,
STU0039,CS182,7,97.4,100.0,,99.6,91.7,34.1,
STU0039,CS182,8,96.5,100.0,91.9,99.2,92.8,61.6,
STU0039,CS182,9,94.5,100.0,,98.7,93.6,34.0,
STU0039,CS182,10,100.0,87.7,,98.8,93.0,34.0,
STU0039,CS182,11,,,,,,,
STU0039,CS182,12,,,,,,,
STU0039,CS182,13,,,,,,,
STU0039,CS182,14,,,,,,,
STU0039,CS182,15,,,,,,,
STU0039,MA261,1,100.0,100.0,,100.0,100.0,35.0,
STU0039,MA261,2,99.3,98.1,,99.6,99.0,34.8,
STU0039,MA261,3,100.0,100.0,,99.8,99.4,34.9,
STU0039,MA261,4,100.0,93.0,,99.8,97.8,34.6,
STU0039,MA261,5,100.0,98.4,,99.9,97.9,34.7,
STU0039,MA261,6,98.8,62.3,,99.7,92.0,33.7,
STU0039,MA261,7,100.0,100.0,56.9,99.7,93.1,53.8,
STU0039,MA261,8,99.3,100.0,,99.7,94.0,34.0,
STU0039,MA261,9,100.0,,,99.7,94.0,34.0,
STU0039,MA261,10,100.0,,,99.7,94.0,34.0,
STU0039,MA261,11,,,,,,,
STU0039,MA261,12,,,,,,,
STU0039,MA261,13,,,,,,,
STU0039,MA261,14,,,,,,,
STU0039,MA261,15,,,,,,,
STU0040,CS182,1,72.6,80.6,,72.6,80.6,26.2,
STU0040,CS182,2,68.9,54.5,,70.8,67.6,24.5,
STU0040,CS182,3,70.2,52.6,,70.6,62.6,23.9,
STU0040,CS182,4,75.1,83.6,,71.7,67.8,24.7,
STU0040,CS182,5,76.7,61.1,,72.7,66.5,24.8,
STU0040,CS182,6,71.7,45.3,,72.5,63.0,24.4,
STU0040,CS182,7,81.1,63.1,,73.8,63.0,24.8,
STU0040,CS182,8,72.6,100.0,63.6,73.6,67.6,44.2,
STU0040,CS182,9,68.1,59.0,,73.0,66.6,24.9,
STU0040,CS182,10,83.3,65.4,,74.0,66.5,25.2,
STU0040,CS182,11,,,,,,,
STU0040,CS182,12,,,,,,,
STU0040,CS182,13,,,,,,,
STU0040,CS182,14,,,,,,,
STU0040,CS182,15,,,,,,,
STU0040,MA261,1,62.6,75.1,,62.6,75.1,23.8,
STU0040,MA261,2,68.7,86.6,,65.6,80.8,25.2,
STU0040,MA261,3,82.7,58.7,,71.3,73.5,25.3,
STU0040,MA261,4,84.3,64.9,,74.6,71.3,25.6,
STU0040,MA261,5,80.9,69.9,,75.8,71.0,25.8,
STU0040,MA261,6,67.3,56.4,,74.4,68.6,25.2,
STU0040,MA261,7,82.3,60.1,53.0,75.5,67.4,43.8,
STU0040,MA261,8,66.4,69.2,,74.4,67.6,25.0,
STU0040,MA261,9,90.6,,,76.2,67.6,25.4,
STU0040,MA261,10,65.5,,,75.1,67.6,25.2,
STU0040,MA261,11,,,,,,,
STU0040,MA261,12,,,,,,,
STU0040,MA261,13,,,,,,,
STU0040,MA261,14,,,,,,,
STU0040,MA261,15,,,,,,,
STU0041,CS182,1,96.7,74.4,,96.7,74.4,31.6,
STU0041,CS182,2,89.0,62.6,,92.8,68.5,30.0,
STU0041,CS182,3,88.8,73.1,,91.5,70.0,29.9,
STU0041,CS182,4,93.2,89.6,,91.9,74.9,30.5,
STU0041,CS182,5,100.0,82.3,,93.5,76.4,31.0,
STU0041,CS182,6,88.0,77.7,,92.6,76.6,30.8,
STU0041,CS182,7,82.5,79.4,,91.2,77.0,30.5,
STU0041,CS182,8,83.0,77.4,90.1,90.2,77.1,57.3,
STU0041,CS182,9,77.3,89.0,,88.7,78.4,30.0,
STU0041,CS182,10,95.9,73.9,,89.4,77.9,30.1,
STU0041,CS182,11,,,,,,,
STU0041,CS182,12,,,,,,,
STU0041,CS182,13,,,,,,,
STU0041,CS182,14,,,,,,,
STU0041,CS182,15,,,,,,,
STU0041,MA261,1,68.4,68.1,,68.4,68.1,23.9,
STU0041,MA261,2,95.7,75.1,,82.1,71.6,27.2,
STU0041,MA261,3,77.4,69.3,,80.5,70.8,26.7,
STU0041,MA261,4,92.1,81.9,,83.4,73.6,27.7,
STU0041,MA261,5,83.5,71.0,,83.4,73.1,27.6,
STU0041,MA261,6,82.2,64.3,,83.2,71.6,27.4,
STU0041,MA261,7,98.3,71.5,88.6,85.4,71.6,58.8,
STU0041,MA261,8,97.5,87.3,,86.9,73.6,28.4,
STU0041,MA261,9,81.9,,,86.3,73.6,28.3,
STU0041,MA261,10,88.6,,,86.6,73.6,28.4,
STU0041,MA261,11,,,,,,,
STU0041,MA261,12,,,,,,,
STU0041,MA261,13,,,,,,,
STU0041,MA261,14,,,,,,,
STU0041,MA261,15,,,,,,,
STU0042,CS182,1,77.4,78.5,,77.4,78.5,27.2,
STU0042,CS182,2,75.2,88.9,,76.3,83.7,27.4,
STU0042,CS182,3,80.9,77.1,,77.8,81.5,27.6,
STU0042,CS182,4,86.9,71.5,,80.1,79.0,27.9,
STU0042,CS182,5,89.3,68.9,,81.9,77.0,28.2,
STU0042,CS182,6,91.6,58.5,,83.6,73.9,28.3,
STU0042,CS182,7,85.6,97.9,,83.8,77.3,28.7,
STU0042,CS182,8,76.6,66.5,77.3,82.9,76.0,51.5,
STU0042,CS182,9,86.1,78.8,,83.3,76.3,28.5,
STU0042,CS182,10,88.6,82.3,,83.8,76.9,28.6,
STU0042,CS182,11,,,,,,,
STU0042,CS182,12,,,,,,,
STU0042,CS182,13,,,,,,,
STU0042,CS182,14,,,,,,,
STU0042,CS182,15,,,,,,,
STU0042,MA261,1,93.5,79.6,,93.5,79.6,30.6,
STU0042,MA261,2,82.7,82.7,,88.1,81.2,29.8,
STU0042,MA261,3,99.8,73.0,,92.0,78.4,30.2,
STU0042,MA261,4,76.8,87.9,,88.2,80.8,29.8,
STU0042,MA261,5,83.7,48.6,,87.3,74.4,28.6,
STU0042,MA261,6,91.4,68.2,,88.0,73.3,28.6,
STU0042,MA261,7,83.9,78.6,72.5,87.4,74.1,54.0,
STU0042,MA261,8,90.3,69.4,,87.8,73.5,28.6,
STU0042,MA261,9,88.7,,,87.9,73.5,28.6,
STU0042,MA261,10,82.6,,,87.3,73.5,28.5,
STU0042,MA261,11,,,,,,,
STU0042,MA261,12,,,,,,,
STU0042,MA261,13,,,,,,,
STU0042,MA261,14,,,,,,,
STU0042,MA261,15,,,,,,,
STU0043,CS182,1,100.0,74.9,,100.0,74.9,32.5,
STU0043,CS182,2,100.0,79.7,,100.0,77.3,32.7,
STU0043,CS182,3,100.0,90.5,,100.0,81.7,33.2,
STU0043,CS182,4,100.0,83.4,,100.0,82.1,33.2,
STU0043,CS182,5,93.3,85.8,,98.7,82.9,33.0,
STU0043,CS182,6,93.7,95.7,,97.8,85.0,33.0,
STU0043,CS182,7,83.2,73.4,,95.7,83.3,32.3,
STU0043,CS182,8,87.5,97.5,100.0,94.7,85.1,62.2,
STU0043,CS182,9,95.2,84.1,,94.8,85.0,32.2,
STU0043,CS182,10,96.6,100.0,,95.0,86.5,32.4,
STU0043,CS182,11,,,,,,,
STU0043,CS182,12,,,,,,,
STU0043,CS182,13,,,,,,,
STU0043,CS182,14,,,,,,,
STU0043,CS182,15,,,,,,,
STU0043,MA261,1,88.7,88.9,,88.7,88.9,31.1,
STU0043,MA261,2,100.0,92.1,,94.4,90.5,32.5,
STU0043,MA261,3,97.6,98.1,,95.4,93.0,33.0,
STU0043,MA261,4,74.5,94.2,,90.2,93.3,32.0,
STU0043,MA261,5,90.8,64.1,,90.3,87.5,31.2,
STU0043,MA261,6,100.0,100.0,,91.9,89.6,31.8,
STU0043,MA261,7,95.0,97.5,100.0,92.4,90.7,67.1,
STU0043,MA261,8,100.0,100.0,,93.3,91.9,32.4,
STU0043,MA261,9,100.0,,,94.1,91.9,32.6,
STU0043,MA261,10,96.7,,,94.3,91.9,32.6,
STU0043,MA261,11,,,,,,,
STU0043,MA261,12,,,,,,,
STU0043,MA261,13,,,,,,,
STU0043,MA261,14,,,,,,,
STU0043,MA261,15,,,,,,,
STU0044,CS182,1,59.0,40.9,,59.0,40.9,18.8,
STU0044,CS182,2,78.3,48.9,,68.6,44.9,21.6,
STU0044,CS182,3,62.0,57.6,,66.4,49.1,21.5,
STU0044,CS182,4,61.3,71.3,,65.2,54.7,21.8,
STU0044,CS182,5,56.0,53.3,,63.3,54.4,21.3,
STU0044,CS182,6,55.0,35.1,,61.9,51.2,20.6,
STU0044,CS182,7,56.1,50.5,,61.1,51.1,20.4,
STU0044,CS182,8,57.5,42.7,24.9,60.6,50.0,27.6,
STU0044,CS182,9,60.3,32.9,,60.6,48.1,20.0,
STU0044,CS182,10,67.1,52.0,,61.3,48.5,20.2,
STU0044,CS182,11,,,,,,,
STU0044,CS182,12,,,,,,,
STU0044,CS182,13,,,,,,,
STU0044,CS182,14,,,,,,,
STU0044,CS182,15,,,,,,,
STU0044,MA261,1,49.3,47.3,,49.3,47.3,17.0,
STU0044,MA261,2,55.0,54.8,,52.2,51.0,18.1,
STU0044,MA261,3,71.7,28.5,,58.7,43.5,18.3,
STU0044,MA261,4,61.9,49.0,,59.5,44.9,18.6,
STU0044,MA261,5,66.3,53.5,,60.8,46.6,19.2,
STU0044,MA261,6,55.0,47.1,,59.9,46.7,19.0,
STU0044,MA261,7,54.6,63.9,46.3,59.1,49.2,35.4,
STU0044,MA261,8,76.2,50.2,,61.2,49.3,19.6,
STU0044,MA261,9,55.3,,,60.6,49.3,19.5,
STU0044,MA261,10,48.9,,,59.4,49.3,19.3,
STU0044,MA261,11,,,,,,,
STU0044,MA261,12,,,,,,,
STU0044,MA261,13,,,,,,,
STU0044,MA261,14,,,,,,,
STU0044,MA261,15,,,,,,,
STU0045,CS182,1,45.3,51.2,,45.3,51.2,16.4,
STU0045,CS182,2,62.0,29.0,,53.6,40.1,17.4,
STU0045,CS182,3,65.1,42.2,,57.5,40.8,18.5,
STU0045,CS182,4,59.1,67.3,,57.9,47.4,19.2,
STU0045,CS182,5,65.1,44.7,,59.3,46.9,19.5,
STU0045,CS182,6,50.8,22.1,,57.9,42.8,18.8,
STU0045,CS182,7,52.2,45.4,,57.1,43.1,18.6,
STU0045,CS182,8,50.1,46.4,44.1,56.2,43.5,31.6,
STU0045,CS182,9,56.2,40.2,,56.2,43.2,18.4,
STU0045,CS182,10,59.3,53.3,,56.5,44.2,18.5,
STU0045,CS182,11,,,,,,,
STU0045,CS182,12,,,,,,,
STU0045,CS182,13,,,,,,,
STU0045,CS182,14,,,,,,,
STU0045,CS182,15,,,,,,,
STU0045,MA261,1,49.2,64.9,,49.2,64.9,19.6,
STU0045,MA261,2,57.2,48.2,,53.2,56.6,19.1,
STU0045,MA261,3,63.6,50.8,,56.7,54.6,19.5,
STU0045,MA261,4,65.6,51.4,,58.9,53.8,19.8,
STU0045,MA261,5,53.1,52.3,,57.7,53.5,19.6,
STU0045,MA261,6,48.8,49.3,,56.2,52.8,19.2,
STU0045,MA261,7,57.7,45.5,41.0,56.5,51.8,33.4,
STU0045,MA261,8,42.9,41.4,,54.8,50.5,18.5,
STU0045,MA261,9,58.7,,,55.2,50.5,18.6,
STU0045,MA261,10,59.2,,,55.6,50.5,18.7,
STU0045,MA261,11,,,,,,,
STU0045,MA261,12,,,,,,,
STU0045,MA261,13,,,,,,,
STU0045,MA261,14,,,,,,,
STU0045,MA261,15,,,,,,,
STU0046,CS182,1,79.7,49.2,,79.7,49.2,24.8,
STU0046,CS182,2,77.3,64.7,,78.5,57.0,25.3,
STU0046,CS182,3,64.4,80.9,,73.8,64.9,24.9,
STU0046,CS182,4,60.0,70.6,,70.4,66.4,24.2,
STU0046,CS182,5,77.6,51.5,,71.8,63.4,24.3,
STU0046,CS182,6,80.7,56.6,,73.3,62.2,24.5,
STU0046,CS182,7,71.9,62.7,,73.1,62.3,24.5,
STU0046,CS182,8,68.5,69.3,66.5,72.5,63.2,44.4,
STU0046,CS182,9,55.6,75.2,,70.6,64.5,24.1,
STU0046,CS182,10,56.3,72.0,,69.2,65.3,23.8,
STU0046,CS182,11,,,,,,,
STU0046,CS182,12,,,,,,,
STU0046,CS182,13,,,,,,,
STU0046,CS182,14,,,,,,,
STU0046,CS182,15,,,,,,,
STU0046,MA261,1,78.6,46.5,,78.6,46.5,22.7,
STU0046,MA261,2,66.3,46.3,,72.4,46.4,21.4,
STU0046,MA261,3,67.9,55.9,,70.9,49.6,21.6,
STU0046,MA261,4,75.8,75.3,,72.1,56.0,22.8,
STU0046,MA261,5,80.8,52.8,,73.9,55.4,23.1,
STU0046,MA261,6,67.9,39.4,,72.9,52.7,22.5,
STU0046,MA261,7,63.1,71.2,78.8,71.5,55.3,50.2,
STU0046,MA261,8,59.7,52.5,,70.0,55.0,22.2,
STU0046,MA261,9,69.4,,,69.9,55.0,22.2,
STU0046,MA261,10,71.8,,,70.1,55.0,22.3,
STU0046,MA261,11,,,,,,,
STU0046,MA261,12,,,,,,,
STU0046,MA261,13,,,,,,,
STU0046,MA261,14,,,,,,,
STU0046,MA261,15,,,,,,,
STU0047,CS182,1,76.2,57.2,,76.2,57.2,24.8,
STU0047,CS182,2,72.7,69.4,,74.4,63.3,24.9,
STU0047,CS182,3,72.9,57.6,,73.9,61.4,24.6,
STU0047,CS182,4,72.0,61.8,,73.4,61.5,24.5,
STU0047,CS182,5,69.9,59.8,,72.7,61.2,24.3,
STU0047,CS182,6,85.6,69.6,,74.9,62.6,25.0,
STU0047,CS182,7,70.5,71.2,,74.3,63.8,25.0,
STU0047,CS182,8,70.2,76.9,63.4,73.8,65.4,44.0,
STU0047,CS182,9,72.0,68.2,,73.6,65.7,25.0,
STU0047,CS182,10,60.3,49.3,,72.2,64.1,24.5,
STU0047,CS182,11,,,,,,,
STU0047,CS182,12,,,,,,,
STU0047,CS182,13,,,,,,,
STU0047,CS182,14,,,,,,,
STU0047,CS182,15,,,,,,,
STU0047,MA261,1,63.3,64.6,,63.3,64.6,22.4,
STU0047,MA261,2,86.7,89.6,,75.0,77.1,26.6,
STU0047,MA261,3,78.0,68.9,,76.0,74.4,26.4,
STU0047,MA261,4,58.4,56.3,,71.6,69.8,24.8,
STU0047,MA261,5,66.6,55.4,,70.6,67.0,24.2,
STU0047,MA261,6,71.5,57.2,,70.8,65.3,24.0,
STU0047,MA261,7,57.0,71.8,41.8,68.8,66.3,38.3,
STU0047,MA261,8,74.8,87.7,,69.5,68.9,24.2,
STU0047,MA261,9,65.5,,,69.1,68.9,24.2,
STU0047,MA261,10,52.6,,,67.4,68.9,23.8,
STU0047,MA261,11,,,,,,,
STU0047,MA261,12,,,,,,,
STU0047,MA261,13,,,,,,,
STU0047,MA261,14,,,,,,,
STU0047,MA261,15,,,,,,,
STU0048,CS182,1,89.5,94.2,,89.5,94.2,31.8,
STU0048,CS182,2,70.9,76.7,,80.2,85.4,28.6,
STU0048,CS182,3,77.0,69.4,,79.1,80.1,27.8,
STU0048,CS182,4,100.0,52.7,,84.4,73.2,28.4,
STU0048,CS182,5,82.7,76.3,,84.0,73.9,28.4,
STU0048,CS182,6,89.4,71.9,,84.9,73.5,28.6,
STU0048,CS182,7,83.2,66.0,,84.7,72.5,28.4,
STU0048,CS182,8,82.9,66.6,75.0,84.4,71.7,50.8,
STU0048,CS182,9,77.8,75.2,,83.7,72.1,28.1,
STU0048,CS182,10,80.5,84.2,,83.4,73.3,28.2,
STU0048,CS182,11,,,,,,,
STU0048,CS182,12,,,,,,,
STU0048,CS182,13,,,,,,,
STU0048,CS182,14,,,,,,,
STU0048,CS182,15,,,,,,,
STU0048,MA261,1,80.3,49.4,,80.3,49.4,23.5,
STU0048,MA261,2,90.8,59.8,,85.6,54.6,25.3,
STU0048,MA261,3,75.5,63.6,,82.2,57.6,25.1,
STU0048,MA261,4,91.7,45.1,,84.6,54.5,25.1,
STU0048,MA261,5,100.0,83.4,,87.7,60.3,26.6,
STU0048,MA261,6,82.5,70.1,,86.8,61.9,26.6,
STU0048,MA261,7,83.0,77.0,75.4,86.3,64.1,53.3,
STU0048,MA261,8,85.2,71.8,,86.1,65.0,27.0,
STU0048,MA261,9,79.1,,,85.3,65.0,26.8,
STU0048,MA261,10,79.5,,,84.8,65.0,26.7,
STU0048,MA261,11,,,,,,,
STU0048,MA261,12,,,,,,,
STU0048,MA261,13,,,,,,,
STU0048,MA261,14,,,,,,,
STU0048,MA261,15,,,,,,,
STU0049,CS182,1,91.1,79.2,,91.1,79.2,30.7,
STU0049,CS182,2,58.6,79.9,,74.8,79.6,26.7,
STU0049,CS182,3,83.6,71.9,,77.8,77.0,27.2,
STU0049,CS182,4,79.0,85.6,,78.1,79.2,27.4,
STU0049,CS182,5,89.7,62.8,,80.4,75.9,27.7,
STU0049,CS182,6,85.3,60.4,,81.2,73.3,27.6,
STU0049,CS182,7,71.0,64.6,,79.8,72.1,27.2,
STU0049,CS182,8,89.0,83.5,74.8,80.9,73.5,50.0,
STU0049,CS182,9,87.9,78.3,,81.7,74.0,27.8,
STU0049,CS182,10,76.9,77.3,,81.2,74.4,27.7,
STU0049,CS182,11,,,,,,,
STU0049,CS182,12,,,,,,,
STU0049,CS182,13,,,,,,,
STU0049,CS182,14,,,,,,,
STU0049,CS182,15,,,,,,,
STU0049,MA261,1,88.5,81.1,,88.5,81.1,29.9,
STU0049,MA261,2,91.6,80.6,,90.0,80.8,30.1,
STU0049,MA261,3,84.9,84.9,,88.3,82.2,30.0,
STU0049,MA261,4,81.9,61.5,,86.7,77.0,28.9,
STU0049,MA261,5,80.8,63.1,,85.5,74.2,28.2,
STU0049,MA261,6,76.7,70.3,,84.1,73.6,27.9,
STU0049,MA261,7,75.7,68.4,38.7,82.9,72.8,41.0,
STU0049,MA261,8,83.8,72.1,,83.0,72.8,27.5,
STU0049,MA261,9,75.5,,,82.2,72.8,27.4,
STU0049,MA261,10,87.4,,,82.7,72.8,27.5,
STU0049,MA261,11,,,,,,,
STU0049,MA261,12,,,,,,,
STU0049,MA261,13,,,,,,,
STU0049,MA261,14,,,,,,,
STU0049,MA261,15,,,,,,,
STU0050,CS182,1,86.2,79.9,,86.2,79.9,29.5,
STU0050,CS182,2,92.9,77.8,,89.6,78.8,30.3,
STU0050,CS182,3,100.0,86.7,,93.0,81.5,31.4,
STU0050,CS182,4,96.9,65.0,,94.0,77.4,31.2,
STU0050,CS182,5,100.0,74.2,,95.2,76.7,31.5,
STU0050,CS182,6,99.5,92.4,,95.9,79.3,31.9,
STU0050,CS182,7,100.0,73.4,,96.5,78.5,32.0,
STU0050,CS182,8,74.9,91.3,100.0,93.8,80.1,61.5,
STU0050,CS182,9,100.0,91.6,,94.5,81.4,31.8,
STU0050,CS182,10,95.1,98.7,,94.6,83.1,32.0,
STU0050,CS182,11,,,,,,,
STU0050,CS182,12,,,,,,,
STU0050,CS182,13,,,,,,,
STU0050,CS182,14,,,,,,,
STU0050,CS182,15,,,,,,,
STU0050,MA261,1,91.3,94.8,,91.3,94.8,32.5,
STU0050,MA261,2,100.0,100.0,,95.6,97.4,33.7,
STU0050,MA261,3,100.0,93.8,,97.1,96.2,33.8,
STU0050,MA261,4,95.0,88.8,,96.6,94.4,33.5,
STU0050,MA261,5,84.9,80.7,,94.2,91.6,32.6,
STU0050,MA261,6,95.8,82.8,,94.5,90.1,32.4,
STU0050,MA261,7,100.0,79.2,100.0,95.3,88.6,67.4,
STU0050,MA261,8,99.1,89.0,,95.8,88.6,32.4,
STU0050,MA261,9,96.4,,,95.8,88.6,32.4,
STU0050,MA261,10,100.0,,,96.2,88.6,32.5,
STU0050,MA261,11,,,,,,,
STU0050,MA261,12,,,,,,,
STU0050,MA261,13,,,,,,,
STU0050,MA261,14,,,,,,,
STU0050,MA261,15,,,,,,,
